{
  "FilterHeaders": [
    {
      "Header": "user-agent",
      "IncludeInScript": false
    },
    {
      "Header": "upgrade-insecure-requests",
      "IncludeInScript": true
    },
    {
      "Header": "sec-fetch-user",
      "IncludeInScript": true
    },
    {
      "Header": "sec-fetch-site",
      "IncludeInScript": true
    },
    {
      "Header": "sec-fetch-mode",
      "IncludeInScript": true
    },
    {
      "Header": "sec-fetch-dest",
      "IncludeInScript": true
    },
    {
      "Header": "sec-ch-ua-platform",
      "IncludeInScript": true
    },
    {
      "Header": "sec-ch-ua-mobile",
      "IncludeInScript": true
    },
    {
      "Header": "sec-ch-ua",
      "IncludeInScript": true
    },
    {
      "Header": "origin",
      "IncludeInScript": true
    },
    {
      "Header": "if-none-match",
      "IncludeInScript": false
    },
    {
      "Header": "if-modified-since",
      "IncludeInScript": false
    },
    {
      "Header": "cache-control",
      "IncludeInScript": false
    },
    {
      "Header": "accept-language",
      "IncludeInScript": false
    },
    {
      "Header": "accept-encoding",
      "IncludeInScript": false
    },
    {
      "Header": "accept",
      "IncludeInScript": false
    }
  ],
  "FilterResources": [
    {
      "IsNonResource": true,
      "type": "text/html"
    },
    {
      "IsNonResource": false,
      "type": "image/png"
    },
    {
      "IsNonResource": false,
      "type": "image/gif"
    }
  ],
  "GeneralInfo": {
    "BrowserVersion": "",
    "IsWinInetMode": false,
    "MaxUsedConnections": 34,
    "RecordedBrowser": "c:\\program files (x86)\\microsoft\\edge\\application\\msedge.exe",
    "RecordingDate": "Р В Р’В Р вЂ™Р’В Р В РІР‚в„ўР вЂ™Р’В°Р В Р’В Р вЂ™Р’В Р В Р Р‹Р Р†Р вЂљРІР‚СњР В Р’В Р В Р вЂ№Р В Р’В Р Р†Р вЂљРЎв„ў-16-2023",
    "RecordingDuration": 643578,
    "RecordingMode": "N/A",
    "RecordingTimeStamp": 1681671365,
    "RecordingType": "Application",
    "TotalBytesReceived": 88590,
    "TotalBytesSent": 31028,
    "TotalRequests": 36,
    "UserAgent": "Mozilla/5.0 (Windows NT 10.0; Win64; x64) AppleWebKit/537.36 (KHTML, like Gecko) Chrome/112.0.0.0 Safari/537.36 Edg/112.0.1722.39"
  },
  "HostInfo": [
    {
      "DomainName": "skype.com",
      "Domains": [
        {
          "HTTPVersion": "HTTP/1.1",
          "IP": "13.107.42.16",
          "IncludeInScript": false,
          "Name": "config.edge.skype.com",
          "Port": 443,
          "Requests": [
            {
              "CompressionType": "",
              "DataType": "application/json",
              "DownloadTime": 188,
              "EventId": 16,
              "HttpStatus": 304,
              "Size": 0,
              "URL": "https://config.edge.skype.com/config/v1/Edge/112.0.1722.39?clientId=-5324634574664584791&agents=Edge%2CEdgeConfig%2CEdgeServices%2CEdgeFirstRun%2CEdgeFirstRunConfig%2CEdgeDomainActions&osname=win&client=edge&channel=stable&scpfull=0&scpguard=0&scpfre=0&scpver=0&osarch=x86_64&osver=10.0.22621&wu=1&devicefamily=desktop&uma=0&sessionid=35&mngd=0&installdate=1680815319&edu=0&bphint=0&soobedate=1680815300"
            }
          ],
          "SSLCipher": "ECDHE-RSA-AES256-GCM-SHA384",
          "SSLVersion": "TLS1.2"
        }
      ],
      "IncludeInScript": true
    },
    {
      "DomainName": "microsoft.com",
      "Domains": [
        {
          "HTTPVersion": "HTTP/1.1",
          "IP": "20.67.143.122",
          "IncludeInScript": false,
          "Name": "nav-edge.smartscreen.microsoft.com",
          "Port": 443,
          "Requests": [
            {
              "CompressionType": "",
              "DataType": "application/json",
              "DownloadTime": 140,
              "EventId": 508,
              "HttpStatus": 200,
              "Size": 882,
              "URL": "https://nav-edge.smartscreen.microsoft.com/api/browser/edge/navigate/3"
            },
            {
              "CompressionType": "",
              "DataType": "application/json",
              "DownloadTime": 125,
              "EventId": 503,
              "HttpStatus": 200,
              "Size": 884,
              "URL": "https://nav-edge.smartscreen.microsoft.com/api/browser/edge/navigate/3"
            },
            {
              "CompressionType": "",
              "DataType": "application/json",
              "DownloadTime": 156,
              "EventId": 480,
              "HttpStatus": 200,
              "Size": 904,
              "URL": "https://nav-edge.smartscreen.microsoft.com/api/browser/edge/navigate/3"
            },
            {
              "CompressionType": "",
              "DataType": "application/json",
              "DownloadTime": 141,
              "EventId": 467,
              "HttpStatus": 200,
              "Size": 864,
              "URL": "https://nav-edge.smartscreen.microsoft.com/api/browser/edge/navigate/3"
            },
            {
              "CompressionType": "",
              "DataType": "application/json",
              "DownloadTime": 125,
              "EventId": 442,
              "HttpStatus": 200,
              "Size": 888,
              "URL": "https://nav-edge.smartscreen.microsoft.com/api/browser/edge/navigate/3"
            },
            {
              "CompressionType": "",
              "DataType": "application/json",
              "DownloadTime": 94,
              "EventId": 439,
              "HttpStatus": 200,
              "Size": 914,
              "URL": "https://nav-edge.smartscreen.microsoft.com/api/browser/edge/navigate/3"
            },
            {
              "CompressionType": "",
              "DataType": "application/json",
              "DownloadTime": 140,
              "EventId": 399,
              "HttpStatus": 200,
              "Size": 908,
              "URL": "https://nav-edge.smartscreen.microsoft.com/api/browser/edge/navigate/3"
            },
            {
              "CompressionType": "",
              "DataType": "application/json",
              "DownloadTime": 141,
              "EventId": 378,
              "HttpStatus": 200,
              "Size": 872,
              "URL": "https://nav-edge.smartscreen.microsoft.com/api/browser/edge/navigate/3"
            },
            {
              "CompressionType": "",
              "DataType": "application/json",
              "DownloadTime": 109,
              "EventId": 355,
              "HttpStatus": 200,
              "Size": 872,
              "URL": "https://nav-edge.smartscreen.microsoft.com/api/browser/edge/navigate/3"
            },
            {
              "CompressionType": "",
              "DataType": "application/json",
              "DownloadTime": 140,
              "EventId": 341,
              "HttpStatus": 200,
              "Size": 896,
              "URL": "https://nav-edge.smartscreen.microsoft.com/api/browser/edge/navigate/3"
            },
            {
              "CompressionType": "",
              "DataType": "application/json",
              "DownloadTime": 125,
              "EventId": 304,
              "HttpStatus": 200,
              "Size": 912,
              "URL": "https://nav-edge.smartscreen.microsoft.com/api/browser/edge/navigate/3"
            },
            {
              "CompressionType": "",
              "DataType": "application/json",
              "DownloadTime": 110,
              "EventId": 301,
              "HttpStatus": 200,
              "Size": 904,
              "URL": "https://nav-edge.smartscreen.microsoft.com/api/browser/edge/navigate/3"
            },
            {
              "CompressionType": "",
              "DataType": "application/json",
              "DownloadTime": 172,
              "EventId": 267,
              "HttpStatus": 200,
              "Size": 900,
              "URL": "https://nav-edge.smartscreen.microsoft.com/api/browser/edge/navigate/3"
            },
            {
              "CompressionType": "",
              "DataType": "application/json",
              "DownloadTime": 94,
              "EventId": 216,
              "HttpStatus": 200,
              "Size": 878,
              "URL": "https://nav-edge.smartscreen.microsoft.com/api/browser/edge/navigate/3"
            },
            {
              "CompressionType": "",
              "DataType": "application/json",
              "DownloadTime": 204,
              "EventId": 192,
              "HttpStatus": 200,
              "Size": 868,
              "URL": "https://nav-edge.smartscreen.microsoft.com/api/browser/edge/navigate/3"
            },
            {
              "CompressionType": "",
              "DataType": "application/json",
              "DownloadTime": 110,
              "EventId": 106,
              "HttpStatus": 200,
              "Size": 2864,
              "URL": "https://nav-edge.smartscreen.microsoft.com/api/browser/edge/navigate/3"
            },
            {
              "CompressionType": "",
              "DataType": "application/json",
              "DownloadTime": 125,
              "EventId": 98,
              "HttpStatus": 200,
              "Size": 2866,
              "URL": "https://nav-edge.smartscreen.microsoft.com/api/browser/edge/navigate/3"
            }
          ],
          "SSLCipher": "ECDHE-RSA-AES256-GCM-SHA384",
          "SSLVersion": "TLS1.2"
        },
        {
          "HTTPVersion": "HTTP/1.1",
          "IP": "204.79.197.239",
          "IncludeInScript": false,
          "Name": "edge.microsoft.com",
          "Port": 443,
          "Requests": [
            {
              "CompressionType": "",
              "DataType": "text/plain",
              "DownloadTime": 78,
              "EventId": 365,
              "HttpStatus": 200,
              "Size": 108,
              "URL": "https://edge.microsoft.com/autofillservice/v1/pages/ChRDaHJvbWUvMTEyLjAuNTYxNS40ORI6CTnKWcjO4LgAEgUNa2iabhIFDU-eJ_gSBQ1jkyeHEgUNolm4SRIFDfi0_qASBQ1XaCyZEgUNbfpmyQ==?alt=proto"
            },
            {
              "CompressionType": "",
              "DataType": "application/json",
              "DownloadTime": 47,
              "EventId": 328,
              "HttpStatus": 200,
              "Size": 392,
              "URL": "https://edge.microsoft.com/entityextractiontemplates/api/v1/assets/find-assets?name=domains_config&version=2.*.*&channel=stable&key=d414dd4f9db345fa8003e32adc81b362"
            },
            {
              "CompressionType": "",
              "DataType": "text/plain",
              "DownloadTime": 79,
              "EventId": 319,
              "HttpStatus": 200,
              "Size": 76,
              "URL": "https://edge.microsoft.com/autofillservice/v1/pages/ChRDaHJvbWUvMTEyLjAuNTYxNS40ORIsCUFCU6JtyxUKEgUNVGIprRIFDXudxKUSBQ0fOzmFEgUN2oWZYRIFDamOSr0=?alt=proto"
            },
            {
              "CompressionType": "",
              "DataType": "application/json",
              "DownloadTime": 47,
              "EventId": 250,
              "HttpStatus": 200,
              "Size": 395,
              "URL": "https://edge.microsoft.com/entityextractiontemplates/api/v1/assets/find-assets?name=addressbar_uu_files.global&version=1.*.*&channel=stable&key=d414dd4f9db345fa8003e32adc81b362"
            },
            {
              "CompressionType": "gzip",
              "DataType": "application/x-protobuf",
              "DownloadTime": 79,
              "EventId": 236,
              "HttpStatus": 200,
              "Size": 34,
              "URL": "https://edge.microsoft.com/extensionrevocation/v1/threatListUpdates:fetch?req=ChcKBm1zZWRnZRINMTEyLjAuMTcyMi4zORoMCAEQCCIEIAEgAigEIgIIAQ==&ct=application/x-protobuf&key=d414dd4f9db345fa8003e32adc81b362&ei=N"
            },
            {
              "CompressionType": "gzip",
              "DataType": "application/json",
              "DownloadTime": 125,
              "EventId": 181,
              "HttpStatus": 200,
              "Size": 180,
              "URL": "https://edge.microsoft.com/componentupdater/api/v1/update"
            },
            {
              "CompressionType": "gzip",
              "DataType": "application/json",
              "DownloadTime": 125,
              "EventId": 173,
              "HttpStatus": 200,
              "Size": 180,
              "URL": "https://edge.microsoft.com/componentupdater/api/v1/update"
            },
            {
              "CompressionType": "gzip",
              "DataType": "application/json",
              "DownloadTime": 109,
              "EventId": 165,
              "HttpStatus": 200,
              "Size": 179,
              "URL": "https://edge.microsoft.com/componentupdater/api/v1/update"
            },
            {
              "CompressionType": "gzip",
              "DataType": "application/json",
              "DownloadTime": 110,
              "EventId": 158,
              "HttpStatus": 200,
              "Size": 180,
              "URL": "https://edge.microsoft.com/componentupdater/api/v1/update"
            },
            {
              "CompressionType": "",
              "DataType": "text/plain",
              "DownloadTime": 78,
              "EventId": 146,
              "HttpStatus": 200,
              "Size": 32,
              "URL": "https://edge.microsoft.com/autofillservice/v1/pages/ChRDaHJvbWUvMTEyLjAuNTYxNS40ORIXCU35IjnBRbgwEgUN541ADhIFDc5BTHo=?alt=proto"
            },
            {
              "CompressionType": "gzip",
              "DataType": "application/json",
              "DownloadTime": 141,
              "EventId": 80,
              "HttpStatus": 200,
              "Size": 2028,
              "URL": "https://edge.microsoft.com/componentupdater/api/v1/update?cup2key=6:K6CIR9mcfxFy5nmRJAlNeVCBxQeqipZuI26Rsl_zpe0&cup2hreq=a34d45ebd5487d6afa501fc452301fd93f500e2d5c2f910851ab1be7cd428a05"
            }
          ],
          "SSLCipher": "ECDHE-RSA-AES256-GCM-SHA384",
          "SSLVersion": "TLS1.2"
        },
        {
          "HTTPVersion": "HTTP/1.1",
          "IP": "20.67.143.122",
          "IncludeInScript": false,
          "Name": "data-edge.smartscreen.microsoft.com",
          "Port": 443,
          "Requests": [
            {
              "CompressionType": "",
              "DataType": "application/octet-stream",
              "DownloadTime": 110,
              "EventId": 132,
              "HttpStatus": 200,
              "Size": 74,
              "URL": "https://data-edge.smartscreen.microsoft.com/api/browser/edge/data/bloomfilter/x/3?pushcert=false&flight=%7b%22etag%22%3a%22%5c%22f1n%2bzts%2b4zecf5junfkfy83au2ypaez3mrg50jhrtzo%3d%5c%22%22%2c%22ids%22%3a%5b%22p-r-1021007-4-5%2cp-r-99770-9-32%2cp-r-86682-4-37%2cp-r-73000-7-30%2cp-r-72999-7-29%2cp-r-70204-3-18%2cp-r-69385-1-5%2cp-r-68026-3-37%2cp-r-68490-1-3%2cp-r-68172-2-4%2cp-r-68175-1-6%2cp-r-68176-2-8%2cp-r-68179-1-3%2cp-r-68306-1-20%2cp-r-68307-1-3%2cp-d-68194-1-2%22%5d%2c%22settings%22%3a%7b%22names%22%3anull%2c%22ring%22%3a0%2c%22models%22%3anull%2c%22serviceclientmodeldetonate%22%3afalse%2c%22wdsifeedback%22%3afalse%2c%22npfeedbackurioverride%22%3anull%2c%22networkfilterdetonate%22%3afalse%2c%22servicephishdetonate%22%3afalse%2c%22servicephishdetonatelegacy%22%3afalse%2c%22serviceadhocdetonate%22%3afalse%2c%22npsettings2004%22%3atrue%2c%22updatesigningcert%22%3atrue%2c%22updatesigningcertforrs3rs4%22%3atrue%2c%22npsettings2004value%22%3a0%2c%22iscocoblockenabled%22%3afalse%2c%22npipblockoverridevalue%22%3a0%2c%22toptrafficv2enabled%22%3atrue%2c%22listapie5v2enabled%22%3atrue%2c%22isnppioverrideblockenabled%22%3atrue%2c%22toptrafficv2mobileflightenabled%22%3afalse%2c%22bloomfilterdeltaflag%22%3a1%2c%22srceopenabled%22%3atrue%2c%22iscurfid0loggingenabled%22%3atrue%2c%22iscurfid0blockingenabled%22%3afalse%2c%22updateonmissingetagenabled%22%3atrue%2c%22enableproxyleniency%22%3atrue%2c%22isarsfmsintegrationenabled%22%3atrue%2c%22enablenshumormatch%22%3atrue%2c%22applynshumorverdict%22%3afalse%2c%22enablenpskipnonweb%22%3afalse%2c%22sendgeomapinsettingstonewanaheimclient%22%3atrue%2c%22umssrcphishbnrtenabled%22%3afalse%2c%22mtdthrottlefactor%22%3a0.0%2c%22unsilencemodelguid%22%3anull%7d%7d&os=10.0.22621.525.ni_release"
            }
          ],
          "SSLCipher": "ECDHE-RSA-AES256-GCM-SHA384",
          "SSLVersion": "TLS1.2"
        }
      ],
      "IncludeInScript": true
    },
    {
      "DomainName": "localhost",
      "Domains": [
        {
          "HTTPVersion": "HTTP/1.1",
          "IP": "[::1]",
          "IncludeInScript": true,
          "Name": "localhost",
          "Port": 1080,
          "Requests": [
            {
              "CompressionType": "",
              "DataType": "",
              "DownloadTime": 47,
              "EventId": 496,
              "HttpStatus": 304,
              "Size": 0,
              "URL": "http://localhost:1080/WebTours/home.html"
            },
            {
              "CompressionType": "",
              "DataType": "text/html",
              "DownloadTime": 62,
              "EventId": 487,
              "HttpStatus": 200,
              "Size": 1482,
              "URL": "http://localhost:1080/cgi-bin/nav.pl?in=home"
            },
            {
              "CompressionType": "",
              "DataType": "text/html",
              "DownloadTime": 78,
              "EventId": 478,
              "HttpStatus": 200,
              "Size": 686,
              "URL": "http://localhost:1080/cgi-bin/welcome.pl?signOff=1"
            },
            {
              "CompressionType": "",
              "DataType": "text/html",
              "DownloadTime": 94,
              "EventId": 465,
              "HttpStatus": 200,
              "Size": 887,
              "URL": "http://localhost:1080/cgi-bin/itinerary.pl"
            },
            {
              "CompressionType": "",
              "DataType": "image/gif",
              "DownloadTime": 31,
              "EventId": 452,
              "HttpStatus": 200,
              "Size": 742,
              "URL": "http://localhost:1080/WebTours/images/cancelallreservations.gif"
            },
            {
              "CompressionType": "",
              "DataType": "image/gif",
              "DownloadTime": 31,
              "EventId": 450,
              "HttpStatus": 200,
              "Size": 831,
              "URL": "http://localhost:1080/WebTours/images/cancelreservation.gif"
            },
            {
              "CompressionType": "",
              "DataType": "image/gif",
              "DownloadTime": 31,
              "EventId": 437,
              "HttpStatus": 200,
              "Size": 733,
              "URL": "http://localhost:1080/WebTours/images/in_itinerary.gif"
            },
            {
              "CompressionType": "",
              "DataType": "text/html",
              "DownloadTime": 172,
              "EventId": 416,
              "HttpStatus": 200,
              "Size": 46887,
              "URL": "http://localhost:1080/cgi-bin/itinerary.pl"
            },
            {
              "CompressionType": "",
              "DataType": "text/html",
              "DownloadTime": 78,
              "EventId": 406,
              "HttpStatus": 200,
              "Size": 1482,
              "URL": "http://localhost:1080/cgi-bin/nav.pl?page=menu&in=itinerary"
            },
            {
              "CompressionType": "",
              "DataType": "text/html",
              "DownloadTime": 62,
              "EventId": 397,
              "HttpStatus": 200,
              "Size": 591,
              "URL": "http://localhost:1080/cgi-bin/welcome.pl?page=itinerary"
            },
            {
              "CompressionType": "",
              "DataType": "image/gif",
              "DownloadTime": 0,
              "EventId": 387,
              "HttpStatus": 200,
              "Size": 806,
              "URL": "http://localhost:1080/WebTours/images/bookanother.gif"
            },
            {
              "CompressionType": "",
              "DataType": "text/html",
              "DownloadTime": 94,
              "EventId": 376,
              "HttpStatus": 200,
              "Size": 2560,
              "URL": "http://localhost:1080/cgi-bin/reservations.pl"
            },
            {
              "CompressionType": "",
              "DataType": "text/html",
              "DownloadTime": 94,
              "EventId": 353,
              "HttpStatus": 200,
              "Size": 2721,
              "URL": "http://localhost:1080/cgi-bin/reservations.pl"
            },
            {
              "CompressionType": "",
              "DataType": "text/html",
              "DownloadTime": 94,
              "EventId": 339,
              "HttpStatus": 200,
              "Size": 3598,
              "URL": "http://localhost:1080/cgi-bin/reservations.pl"
            },
            {
              "CompressionType": "",
              "DataType": "image/gif",
              "DownloadTime": 31,
              "EventId": 313,
              "HttpStatus": 200,
              "Size": 758,
              "URL": "http://localhost:1080/WebTours/images/button_next.gif"
            },
            {
              "CompressionType": "",
              "DataType": "image/gif",
              "DownloadTime": 47,
              "EventId": 299,
              "HttpStatus": 200,
              "Size": 726,
              "URL": "http://localhost:1080/WebTours/images/in_flights.gif"
            },
            {
              "CompressionType": "",
              "DataType": "image/gif",
              "DownloadTime": 31,
              "EventId": 297,
              "HttpStatus": 200,
              "Size": 688,
              "URL": "http://localhost:1080/WebTours/images/home.gif"
            },
            {
              "CompressionType": "",
              "DataType": "text/html",
              "DownloadTime": 328,
              "EventId": 284,
              "HttpStatus": 200,
              "Size": 4246,
              "URL": "http://localhost:1080/cgi-bin/reservations.pl?page=welcome"
            },
            {
              "CompressionType": "",
              "DataType": "text/html",
              "DownloadTime": 78,
              "EventId": 274,
              "HttpStatus": 200,
              "Size": 1482,
              "URL": "http://localhost:1080/cgi-bin/nav.pl?page=menu&in=flights"
            },
            {
              "CompressionType": "",
              "DataType": "text/html",
              "DownloadTime": 78,
              "EventId": 265,
              "HttpStatus": 200,
              "Size": 616,
              "URL": "http://localhost:1080/cgi-bin/welcome.pl?page=search"
            },
            {
              "CompressionType": "",
              "DataType": "image/gif",
              "DownloadTime": 78,
              "EventId": 245,
              "HttpStatus": 200,
              "Size": 751,
              "URL": "http://localhost:1080/WebTours/images/signoff.gif"
            },
            {
              "CompressionType": "",
              "DataType": "image/gif",
              "DownloadTime": 78,
              "EventId": 243,
              "HttpStatus": 200,
              "Size": 688,
              "URL": "http://localhost:1080/WebTours/images/in_home.gif"
            },
            {
              "CompressionType": "",
              "DataType": "image/gif",
              "DownloadTime": 78,
              "EventId": 240,
              "HttpStatus": 200,
              "Size": 733,
              "URL": "http://localhost:1080/WebTours/images/itinerary.gif"
            },
            {
              "CompressionType": "",
              "DataType": "image/gif",
              "DownloadTime": 63,
              "EventId": 233,
              "HttpStatus": 200,
              "Size": 726,
              "URL": "http://localhost:1080/WebTours/images/flights.gif"
            },
            {
              "CompressionType": "",
              "DataType": "text/html",
              "DownloadTime": 156,
              "EventId": 213,
              "HttpStatus": 200,
              "Size": 918,
              "URL": "http://localhost:1080/cgi-bin/login.pl?intro=true"
            },
            {
              "CompressionType": "",
              "DataType": "text/html",
              "DownloadTime": 63,
              "EventId": 199,
              "HttpStatus": 200,
              "Size": 1482,
              "URL": "http://localhost:1080/cgi-bin/nav.pl?page=menu&in=home"
            },
            {
              "CompressionType": "",
              "DataType": "text/html",
              "DownloadTime": 94,
              "EventId": 190,
              "HttpStatus": 200,
              "Size": 481,
              "URL": "http://localhost:1080/cgi-bin/login.pl"
            },
            {
              "CompressionType": "",
              "DataType": "text/html",
              "DownloadTime": 47,
              "EventId": 154,
              "HttpStatus": 404,
              "Size": 209,
              "URL": "http://localhost:1080/favicon.ico"
            },
            {
              "CompressionType": "",
              "DataType": "image/gif",
              "DownloadTime": 15,
              "EventId": 130,
              "HttpStatus": 200,
              "Size": 679,
              "URL": "http://localhost:1080/WebTours/images/mer_login.gif"
            },
            {
              "CompressionType": "",
              "DataType": "text/html",
              "DownloadTime": 1718,
              "EventId": 128,
              "HttpStatus": 200,
              "Size": 1490,
              "URL": "http://localhost:1080/cgi-bin/nav.pl?in=home"
            },
            {
              "CompressionType": "",
              "DataType": "text/html",
              "DownloadTime": 469,
              "EventId": 112,
              "HttpStatus": 200,
              "Size": 1361,
              "URL": "http://localhost:1080/WebTours/home.html"
            },
            {
              "CompressionType": "",
              "DataType": "image/png",
              "DownloadTime": 31,
              "EventId": 56,
              "HttpStatus": 200,
              "Size": 4187,
              "URL": "http://localhost:1080/WebTours/images/webtours.png"
            },
            {
              "CompressionType": "",
              "DataType": "image/png",
              "DownloadTime": 32,
              "EventId": 54,
              "HttpStatus": 200,
              "Size": 601,
              "URL": "http://localhost:1080/WebTours/images/hp_logo.png"
            },
            {
              "CompressionType": "",
              "DataType": "text/html",
              "DownloadTime": 3828,
              "EventId": 36,
              "HttpStatus": 200,
              "Size": 686,
              "URL": "http://localhost:1080/cgi-bin/welcome.pl?signOff=true"
            },
            {
              "CompressionType": "",
              "DataType": "text/html",
              "DownloadTime": 156,
              "EventId": 24,
              "HttpStatus": 200,
              "Size": 710,
              "URL": "http://localhost:1080/WebTours/header.html"
            },
            {
              "CompressionType": "",
              "DataType": "text/html",
              "DownloadTime": 219,
              "EventId": 18,
              "HttpStatus": 200,
              "Size": 366,
              "URL": "http://localhost:1080/WebTours/"
            }
          ],
          "SSLCipher": "None",
          "SSLVersion": "None"
        }
      ],
      "IncludeInScript": true
    },
    {
      "DomainName": "bing.com",
      "Domains": [
        {
          "HTTPVersion": "HTTP/1.1",
          "IP": "139.45.207.98",
          "IncludeInScript": false,
          "Name": "www.bing.com",
          "Port": 443,
          "Requests": [
            {
              "CompressionType": "",
              "DataType": "application/json",
              "DownloadTime": 141,
              "EventId": 70,
              "HttpStatus": 200,
              "Size": 332303,
              "URL": "https://www.bing.com/bloomfilterfiles/DomainsFilterGlobal.json"
            }
          ],
          "SSLCipher": "TLS_AES_256_GCM_SHA384",
          "SSLVersion": "TLS1.3"
        },
        {
          "HTTPVersion": "HTTP/1.1",
          "IP": "204.79.197.200",
          "IncludeInScript": false,
          "Name": "c.bing.com",
          "Port": 443,
          "Requests": [
            {
              "CompressionType": "",
              "DataType": "image/gif",
              "DownloadTime": 94,
              "EventId": 22,
              "HttpStatus": 200,
              "Size": 42,
              "URL": "https://c.bing.com/c.gif?Red3=EdgPID_pd&pid=c95bca94-6fe1-4a1c-bf7d-f8e5771f416a"
            }
          ],
          "SSLCipher": "ECDHE-RSA-AES256-GCM-SHA384",
          "SSLVersion": "TLS1.2"
        }
      ],
      "IncludeInScript": true
    }
  ],
  "WebSocket": {
    "IncludeInScript": false,
    "IsScriptIncludeWebSocket": false
  },
  "NumberOfCorrelations": 42
}