[
    {
        "actionName": "Action",
        "steps": [
            {
                "stepId": "STEP1",
                "stepName": "Url: WebTours",
                "infFile": "t1.inf",
                "time": 1681911850007
            },
            {
                "stepId": "STEP2",
                "stepName": "Submit Data: login.pl",
                "infFile": "t2.inf",
                "time": 1681911850758
            },
            {
                "stepId": "STEP3",
                "stepName": "Url: Search Flights Button",
                "infFile": "t3.inf",
                "time": 1681911851401
            },
            {
                "stepId": "STEP4",
                "stepName": "Submit Data: reservations.pl",
                "infFile": "t5.inf",
                "time": 1681911851738
            },
            {
                "stepId": "STEP5",
                "stepName": "Submit Data: reservations.pl_2",
                "infFile": "t6.inf",
                "time": 1681911851891
            },
            {
                "stepId": "STEP6",
                "stepName": "Submit Data: reservations.pl_3",
                "infFile": "t7.inf",
                "time": 1681911852240
            },
            {
                "stepId": "STEP7",
                "stepName": "Url: Itinerary Button",
                "infFile": "t8.inf",
                "time": 1681911852850
            },
            {
                "stepId": "STEP8",
                "stepName": "Submit Data: itinerary.pl",
                "infFile": "t9.inf",
                "time": 1681911853229
            },
            {
                "stepId": "STEP9",
                "stepName": "Url: welcome.pl",
                "infFile": "t10.inf",
                "time": 1681911853644
            }
        ],
        "transactions": [
            {
                "transactionName": "openpage",
                "rawStartTime": 1681911849349,
                "rawEndTime": 1681911850058,
                "thinkTime": 0.0,
                "wastedTime": 0.20873332023620606
            },
            {
                "transactionName": "login",
                "rawStartTime": 1681911850098,
                "rawEndTime": 1681911850773,
                "thinkTime": 0.0,
                "wastedTime": 0.0047931671142578129
            },
            {
                "transactionName": "clickFlights",
                "rawStartTime": 1681911850787,
                "rawEndTime": 1681911851902,
                "thinkTime": 0.0,
                "wastedTime": 0.02738332748413086
            },
            {
                "transactionName": "payment",
                "rawStartTime": 1681911851920,
                "rawEndTime": 1681911852321,
                "thinkTime": 0.0,
                "wastedTime": 0.004731893539428711
            },
            {
                "transactionName": "clickItinerary",
                "rawStartTime": 1681911852333,
                "rawEndTime": 1681911853242,
                "thinkTime": 0.0,
                "wastedTime": 0.01021122932434082
            },
            {
                "transactionName": "logOut",
                "rawStartTime": 1681911853258,
                "rawEndTime": 1681911853662,
                "thinkTime": 0.0,
                "wastedTime": 0.004586219787597656
            }
        ]
    }
]