{"OutputFileHashSum":"D3F67363355771675F84CC6FBFAAB10A1E1F3CD584535979FC0CBEDDD6058807","Converted":true,"OutputModifyDate":"2023-04-19T16:42:16.7722961Z","Metadatas":[{"CategoryName":"VuGen.Replay","Offset":542,"Length":23,"TypeId":1},{"CategoryName":"VuGen.Replay","Offset":668,"Length":54,"TypeId":2},{"CategoryName":"VuGen.Replay","Offset":3566,"Length":113,"TypeId":2},{"CategoryName":"VuGen.Replay","Offset":3679,"Length":54,"TypeId":2},{"CategoryName":"VuGen.Replay","Offset":7871,"Length":113,"TypeId":2},{"CategoryName":"VuGen.Replay","Offset":7984,"Length":54,"TypeId":2},{"CategoryName":"VuGen.Replay","Offset":8848,"Length":112,"TypeId":2},{"CategoryName":"VuGen.Replay","Offset":8983,"Length":21,"TypeId":1}],"MetadataTypes":[{"CategoryName":"VuGen.Replay","MetadataTypeName":"HP.LR.Vugen.Iteration","Id":1},{"CategoryName":"VuGen.Replay","MetadataTypeName":"HP.LR.Vugen.NotifyTransaction","Id":2}]}