{"OutputFileHashSum":"BE660AA4DAB91CAD4ED9A1A00F68172E15D6F6C638886FFB4FCD207D47DAF1DE","Converted":true,"OutputModifyDate":"2023-04-19T14:16:40.2631822Z","Metadatas":[{"CategoryName":"VuGen.Replay","Offset":482,"Length":23,"TypeId":1},{"CategoryName":"VuGen.Replay","Offset":608,"Length":54,"TypeId":2},{"CategoryName":"VuGen.Replay","Offset":3506,"Length":113,"TypeId":2},{"CategoryName":"VuGen.Replay","Offset":3619,"Length":52,"TypeId":2},{"CategoryName":"VuGen.Replay","Offset":5222,"Length":110,"TypeId":2},{"CategoryName":"VuGen.Replay","Offset":5332,"Length":59,"TypeId":2},{"CategoryName":"VuGen.Replay","Offset":8572,"Length":118,"TypeId":2},{"CategoryName":"VuGen.Replay","Offset":8690,"Length":54,"TypeId":2},{"CategoryName":"VuGen.Replay","Offset":10263,"Length":112,"TypeId":2},{"CategoryName":"VuGen.Replay","Offset":10398,"Length":21,"TypeId":1}],"MetadataTypes":[{"CategoryName":"VuGen.Replay","MetadataTypeName":"HP.LR.Vugen.Iteration","Id":1},{"CategoryName":"VuGen.Replay","MetadataTypeName":"HP.LR.Vugen.NotifyTransaction","Id":2}]}