[
    {
        "actionName": "Action",
        "steps": [
            {
                "stepId": "STEP1",
                "stepName": "Url: WebTours",
                "infFile": "t1.inf",
                "time": 1681922535181
            },
            {
                "stepId": "STEP2",
                "stepName": "Url: login.pl_2",
                "infFile": "t2.inf",
                "time": 1681922535829
            },
            {
                "stepId": "STEP3",
                "stepName": "Submit Data: login.pl_3",
                "infFile": "t3.inf",
                "time": 1681922535998
            },
            {
                "stepId": "STEP4",
                "stepName": "Url: button_next.gif",
                "infFile": "t4.inf",
                "time": 1681922536376
            },
            {
                "stepId": "STEP5",
                "stepName": "Url: SignOff Button_2",
                "infFile": "t5.inf",
                "time": 1681922536729
            }
        ],
        "transactions": [
            {
                "transactionName": "openpage",
                "rawStartTime": 1681922534613,
                "rawEndTime": 1681922535188,
                "thinkTime": 0.0,
                "wastedTime": 0.09275412559509278
            },
            {
                "transactionName": "userReg",
                "rawStartTime": 1681922535247,
                "rawEndTime": 1681922536384,
                "thinkTime": 0.0,
                "wastedTime": 0.016051292419433595
            },
            {
                "transactionName": "logout",
                "rawStartTime": 1681922536450,
                "rawEndTime": 1681922536746,
                "thinkTime": 0.0,
                "wastedTime": 0.004662990570068359
            }
        ]
    }
]