[
    {
        "actionName": "Action",
        "steps": [
            {
                "stepId": "STEP1",
                "stepName": "Url: 112.0.1722.39",
                "infFile": "t1.inf",
                "time": 1681914809721
            },
            {
                "stepId": "STEP2",
                "stepName": "Url: WebTours",
                "infFile": "t3.inf",
                "time": 1681914814591
            },
            {
                "stepId": "STEP3",
                "stepName": "Submit Data: login.pl",
                "infFile": "t4.inf",
                "time": 1681914815612
            },
            {
                "stepId": "STEP4",
                "stepName": "Url: Itinerary Button",
                "infFile": "t5.inf",
                "time": 1681914816568
            },
            {
                "stepId": "STEP5",
                "stepName": "Submit Data: itinerary.pl",
                "infFile": "t6.inf",
                "time": 1681914816962
            },
            {
                "stepId": "STEP6",
                "stepName": "Url: welcome.pl",
                "infFile": "t7.inf",
                "time": 1681914817603
            }
        ],
        "transactions": [
            {
                "transactionName": "openpage",
                "rawStartTime": 1681914809074,
                "rawEndTime": 1681914814600,
                "thinkTime": 0.0,
                "wastedTime": 0.13831353187561036
            },
            {
                "transactionName": "login",
                "rawStartTime": 1681914814615,
                "rawEndTime": 1681914815623,
                "thinkTime": 0.0,
                "wastedTime": 0.01488041877746582
            },
            {
                "transactionName": "clickItinerary",
                "rawStartTime": 1681914815703,
                "rawEndTime": 1681914816972,
                "thinkTime": 0.0,
                "wastedTime": 0.011616706848144532
            },
            {
                "transactionName": "logOut",
                "rawStartTime": 1681914817107,
                "rawEndTime": 1681914817610,
                "thinkTime": 0.0,
                "wastedTime": 0.006376743316650391
            }
        ]
    }
]