[
    {
        "actionName": "Action",
        "steps": [
            {
                "stepId": "STEP1",
                "stepName": "Url: WebTours",
                "infFile": "t1.inf",
                "time": 1681913795621
            },
            {
                "stepId": "STEP2",
                "stepName": "Submit Data: login.pl",
                "infFile": "t2.inf",
                "time": 1681913796222
            },
            {
                "stepId": "STEP3",
                "stepName": "Url: Search Flights Button",
                "infFile": "t3.inf",
                "time": 1681913798881
            },
            {
                "stepId": "STEP4",
                "stepName": "Submit Data: reservations.pl",
                "infFile": "t5.inf",
                "time": 1681913799244
            },
            {
                "stepId": "STEP5",
                "stepName": "Submit Data: reservations.pl_2",
                "infFile": "t6.inf",
                "time": 1681913799632
            },
            {
                "stepId": "STEP6",
                "stepName": "Url: welcome.pl",
                "infFile": "t7.inf",
                "time": 1681913800230
            }
        ],
        "transactions": [
            {
                "transactionName": "openpage",
                "rawStartTime": 1681913790233,
                "rawEndTime": 1681913795632,
                "thinkTime": 0.0,
                "wastedTime": 0.1633918285369873
            },
            {
                "transactionName": "login",
                "rawStartTime": 1681913795647,
                "rawEndTime": 1681913796237,
                "thinkTime": 0.0,
                "wastedTime": 0.005056142807006836
            },
            {
                "transactionName": "clickFlights",
                "rawStartTime": 1681913796252,
                "rawEndTime": 1681913799645,
                "thinkTime": 0.0,
                "wastedTime": 0.033082008361816409
            },
            {
                "transactionName": "logOut",
                "rawStartTime": 1681913799661,
                "rawEndTime": 1681913800236,
                "thinkTime": 0.0,
                "wastedTime": 0.005506038665771484
            }
        ]
    }
]