{"OutputFileHashSum":"C86A8458D3C3A21BF65AC98FB84DABDEDBE43C8EC47FA9A069BE9D7797C67F9F","Converted":true,"OutputModifyDate":"2023-04-19T14:33:37.8124303Z","Metadatas":[{"CategoryName":"VuGen.Replay","Offset":485,"Length":23,"TypeId":1},{"CategoryName":"VuGen.Replay","Offset":611,"Length":54,"TypeId":2},{"CategoryName":"VuGen.Replay","Offset":4179,"Length":113,"TypeId":2},{"CategoryName":"VuGen.Replay","Offset":4292,"Length":52,"TypeId":2},{"CategoryName":"VuGen.Replay","Offset":6664,"Length":111,"TypeId":2},{"CategoryName":"VuGen.Replay","Offset":6775,"Length":62,"TypeId":2},{"CategoryName":"VuGen.Replay","Offset":9156,"Length":120,"TypeId":2},{"CategoryName":"VuGen.Replay","Offset":9276,"Length":54,"TypeId":2},{"CategoryName":"VuGen.Replay","Offset":10588,"Length":112,"TypeId":2},{"CategoryName":"VuGen.Replay","Offset":10723,"Length":21,"TypeId":1}],"MetadataTypes":[{"CategoryName":"VuGen.Replay","MetadataTypeName":"HP.LR.Vugen.Iteration","Id":1},{"CategoryName":"VuGen.Replay","MetadataTypeName":"HP.LR.Vugen.NotifyTransaction","Id":2}]}