[
    {
        "actionName": "Action",
        "steps": [
            {
                "stepId": "STEP1",
                "stepName": "Url: WebTours",
                "infFile": "t1.inf",
                "time": 1681914341668
            },
            {
                "stepId": "STEP2",
                "stepName": "Submit Data: login.pl",
                "infFile": "t2.inf",
                "time": 1681914342196
            },
            {
                "stepId": "STEP3",
                "stepName": "Url: welcome.pl",
                "infFile": "t3.inf",
                "time": 1681914342883
            }
        ],
        "transactions": [
            {
                "transactionName": "openpage",
                "rawStartTime": 1681914336621,
                "rawEndTime": 1681914341681,
                "thinkTime": 0.0,
                "wastedTime": 0.14893126487731934
            },
            {
                "transactionName": "login",
                "rawStartTime": 1681914341697,
                "rawEndTime": 1681914342212,
                "thinkTime": 0.0,
                "wastedTime": 0.004736900329589844
            },
            {
                "transactionName": "logOut",
                "rawStartTime": 1681914342247,
                "rawEndTime": 1681914342894,
                "thinkTime": 0.0,
                "wastedTime": 0.0049762725830078129
            }
        ]
    }
]