[
    {
        "actionName": "Action",
        "steps": [
            {
                "stepId": "STEP1",
                "stepName": "Url: WebTours",
                "infFile": "t1.inf",
                "time": 1681919794314
            },
            {
                "stepId": "STEP2",
                "stepName": "Submit Data: login.pl",
                "infFile": "t2.inf",
                "time": 1681919794800
            },
            {
                "stepId": "STEP3",
                "stepName": "Url: Itinerary Button",
                "infFile": "t3.inf",
                "time": 1681919795342
            },
            {
                "stepId": "STEP4",
                "stepName": "Submit Data: itinerary.pl",
                "infFile": "t4.inf",
                "time": 1681919795694
            },
            {
                "stepId": "STEP5",
                "stepName": "Url: SignOff Button",
                "infFile": "t5.inf",
                "time": 1681919795999
            }
        ],
        "transactions": [
            {
                "transactionName": "openpage",
                "rawStartTime": 1681919793548,
                "rawEndTime": 1681919794362,
                "thinkTime": 0.0,
                "wastedTime": 0.10419392585754395
            },
            {
                "transactionName": "login",
                "rawStartTime": 1681919794432,
                "rawEndTime": 1681919794834,
                "thinkTime": 0.0,
                "wastedTime": 0.004827737808227539
            },
            {
                "transactionName": "clickItinerary",
                "rawStartTime": 1681919794864,
                "rawEndTime": 1681919795411,
                "thinkTime": 0.0,
                "wastedTime": 0.006650686264038086
            },
            {
                "transactionName": "cancelFlights",
                "rawStartTime": 1681919795478,
                "rawEndTime": 1681919795702,
                "thinkTime": 0.0,
                "wastedTime": 0.004853248596191406
            },
            {
                "transactionName": "logOut",
                "rawStartTime": 1681919795718,
                "rawEndTime": 1681919796022,
                "thinkTime": 0.0,
                "wastedTime": 0.004925966262817383
            }
        ]
    }
]