{
  "FilterHeaders": [
    {
      "Header": "user-agent",
      "IncludeInScript": false
    },
    {
      "Header": "upgrade-insecure-requests",
      "IncludeInScript": true
    },
    {
      "Header": "sec-fetch-user",
      "IncludeInScript": true
    },
    {
      "Header": "sec-fetch-site",
      "IncludeInScript": true
    },
    {
      "Header": "sec-fetch-mode",
      "IncludeInScript": true
    },
    {
      "Header": "sec-fetch-dest",
      "IncludeInScript": true
    },
    {
      "Header": "sec-ch-ua-platform",
      "IncludeInScript": true
    },
    {
      "Header": "sec-ch-ua-mobile",
      "IncludeInScript": true
    },
    {
      "Header": "sec-ch-ua",
      "IncludeInScript": true
    },
    {
      "Header": "origin",
      "IncludeInScript": true
    },
    {
      "Header": "if-none-match",
      "IncludeInScript": false
    },
    {
      "Header": "if-modified-since",
      "IncludeInScript": false
    },
    {
      "Header": "cache-control",
      "IncludeInScript": false
    },
    {
      "Header": "accept-language",
      "IncludeInScript": false
    },
    {
      "Header": "accept-encoding",
      "IncludeInScript": false
    },
    {
      "Header": "accept",
      "IncludeInScript": false
    }
  ],
  "FilterResources": [
    {
      "IsNonResource": true,
      "type": "text/html"
    },
    {
      "IsNonResource": false,
      "type": "image/png"
    },
    {
      "IsNonResource": false,
      "type": "image/gif"
    }
  ],
  "GeneralInfo": {
    "BrowserVersion": "",
    "IsWinInetMode": false,
    "MaxUsedConnections": 14,
    "RecordedBrowser": "c:\\program files (x86)\\microsoft\\edge\\application\\msedge.exe",
    "RecordingDate": "Р°РїСЂ-19-2023",
    "RecordingDuration": 169141,
    "RecordingMode": "N/A",
    "RecordingTimeStamp": 1681918282,
    "RecordingType": "Application",
    "TotalBytesReceived": 29208,
    "TotalBytesSent": 22070,
    "TotalRequests": 27,
    "UserAgent": "Mozilla/5.0 (Windows NT 10.0; Win64; x64) AppleWebKit/537.36 (KHTML, like Gecko) Chrome/112.0.0.0 Safari/537.36 Edg/112.0.1722.48"
  },
  "HostInfo": [
    {
      "DomainName": "skype.com",
      "Domains": [
        {
          "HTTPVersion": "HTTP/1.1",
          "IP": "52.123.243.70",
          "IncludeInScript": false,
          "Name": "config.edge.skype.com",
          "Port": 443,
          "Requests": [
            {
              "CompressionType": "",
              "DataType": "application/json",
              "DownloadTime": 187,
              "EventId": 26,
              "HttpStatus": 304,
              "Size": 0,
              "URL": "https://config.edge.skype.com/config/v1/Edge/112.0.1722.48?clientId=-5324634574664584791&agents=Edge%2CEdgeConfig%2CEdgeServices%2CEdgeFirstRun%2CEdgeFirstRunConfig%2CEdgeDomainActions&osname=win&client=edge&channel=stable&scpfull=0&scpguard=0&scpfre=0&scpver=0&osarch=x86_64&osver=10.0.22621&wu=1&devicefamily=desktop&uma=0&sessionid=41&mngd=0&installdate=1680815319&edu=0&bphint=0&soobedate=1680815300"
            }
          ],
          "SSLCipher": "TLS_AES_256_GCM_SHA384",
          "SSLVersion": "TLS1.3"
        }
      ],
      "IncludeInScript": true
    },
    {
      "DomainName": "microsoft.com",
      "Domains": [
        {
          "HTTPVersion": "HTTP/1.1",
          "IP": "20.8.16.139",
          "IncludeInScript": false,
          "Name": "nav-edge.smartscreen.microsoft.com",
          "Port": 443,
          "Requests": [
            {
              "CompressionType": "",
              "DataType": "application/json",
              "DownloadTime": 140,
              "EventId": 425,
              "HttpStatus": 200,
              "Size": 867,
              "URL": "https://nav-edge.smartscreen.microsoft.com/api/browser/edge/navigate/3"
            },
            {
              "CompressionType": "",
              "DataType": "application/json",
              "DownloadTime": 125,
              "EventId": 422,
              "HttpStatus": 200,
              "Size": 869,
              "URL": "https://nav-edge.smartscreen.microsoft.com/api/browser/edge/navigate/3"
            },
            {
              "CompressionType": "",
              "DataType": "application/json",
              "DownloadTime": 141,
              "EventId": 395,
              "HttpStatus": 200,
              "Size": 889,
              "URL": "https://nav-edge.smartscreen.microsoft.com/api/browser/edge/navigate/3"
            },
            {
              "CompressionType": "",
              "DataType": "application/json",
              "DownloadTime": 141,
              "EventId": 378,
              "HttpStatus": 200,
              "Size": 849,
              "URL": "https://nav-edge.smartscreen.microsoft.com/api/browser/edge/navigate/3"
            },
            {
              "CompressionType": "",
              "DataType": "application/json",
              "DownloadTime": 125,
              "EventId": 353,
              "HttpStatus": 200,
              "Size": 873,
              "URL": "https://nav-edge.smartscreen.microsoft.com/api/browser/edge/navigate/3"
            },
            {
              "CompressionType": "",
              "DataType": "application/json",
              "DownloadTime": 140,
              "EventId": 348,
              "HttpStatus": 200,
              "Size": 899,
              "URL": "https://nav-edge.smartscreen.microsoft.com/api/browser/edge/navigate/3"
            },
            {
              "CompressionType": "",
              "DataType": "application/json",
              "DownloadTime": 125,
              "EventId": 315,
              "HttpStatus": 200,
              "Size": 889,
              "URL": "https://nav-edge.smartscreen.microsoft.com/api/browser/edge/navigate/3"
            },
            {
              "CompressionType": "",
              "DataType": "application/json",
              "DownloadTime": 141,
              "EventId": 291,
              "HttpStatus": 200,
              "Size": 863,
              "URL": "https://nav-edge.smartscreen.microsoft.com/api/browser/edge/navigate/3"
            },
            {
              "CompressionType": "",
              "DataType": "application/json",
              "DownloadTime": 125,
              "EventId": 286,
              "HttpStatus": 200,
              "Size": 853,
              "URL": "https://nav-edge.smartscreen.microsoft.com/api/browser/edge/navigate/3"
            },
            {
              "CompressionType": "",
              "DataType": "application/json",
              "DownloadTime": 625,
              "EventId": 193,
              "HttpStatus": 200,
              "Size": 871,
              "URL": "https://nav-edge.smartscreen.microsoft.com/api/browser/edge/navigate/3"
            },
            {
              "CompressionType": "",
              "DataType": "application/json",
              "DownloadTime": 125,
              "EventId": 174,
              "HttpStatus": 200,
              "Size": 873,
              "URL": "https://nav-edge.smartscreen.microsoft.com/api/browser/edge/navigate/3"
            },
            {
              "CompressionType": "",
              "DataType": "application/json",
              "DownloadTime": 406,
              "EventId": 160,
              "HttpStatus": 200,
              "Size": 2837,
              "URL": "https://nav-edge.smartscreen.microsoft.com/api/browser/edge/navigate/3"
            },
            {
              "CompressionType": "",
              "DataType": "application/json",
              "DownloadTime": 156,
              "EventId": 88,
              "HttpStatus": 200,
              "Size": 2819,
              "URL": "https://nav-edge.smartscreen.microsoft.com/api/browser/edge/navigate/3"
            },
            {
              "CompressionType": "",
              "DataType": "application/json",
              "DownloadTime": 187,
              "EventId": 28,
              "HttpStatus": 200,
              "Size": 2753,
              "URL": "https://nav-edge.smartscreen.microsoft.com/api/browser/edge/navigate/3"
            }
          ],
          "SSLCipher": "ECDHE-RSA-AES256-GCM-SHA384",
          "SSLVersion": "TLS1.2"
        },
        {
          "HTTPVersion": "HTTP/1.1",
          "IP": "204.79.197.239",
          "IncludeInScript": false,
          "Name": "edge.microsoft.com",
          "Port": 443,
          "Requests": [
            {
              "CompressionType": "gzip",
              "DataType": "application/json",
              "DownloadTime": 109,
              "EventId": 239,
              "HttpStatus": 200,
              "Size": 181,
              "URL": "https://edge.microsoft.com/componentupdater/api/v1/update"
            },
            {
              "CompressionType": "gzip",
              "DataType": "application/json",
              "DownloadTime": 125,
              "EventId": 226,
              "HttpStatus": 200,
              "Size": 1198,
              "URL": "https://edge.microsoft.com/componentupdater/api/v1/update?cup2key=6:xd21XFy6yM8vCn3sgx15cu_9ABrn_c61bMjJR0wFWOw&cup2hreq=c474f4740ae47c605cff294419fad141d482d726bb5214ca3aa197378e328647"
            },
            {
              "CompressionType": "",
              "DataType": "text/plain",
              "DownloadTime": 563,
              "EventId": 189,
              "HttpStatus": 200,
              "Size": 32,
              "URL": "https://edge.microsoft.com/autofillservice/v1/pages/ChVDaHJvbWUvMTEyLjAuNTYxNS4xMjESFwlN-SI5wUW4MBIFDeeNQA4SBQ3OQUx6?alt=proto"
            }
          ],
          "SSLCipher": "ECDHE-RSA-AES256-GCM-SHA384",
          "SSLVersion": "TLS1.2"
        },
        {
          "HTTPVersion": "HTTP/1.1",
          "IP": "20.8.16.139",
          "IncludeInScript": false,
          "Name": "data-edge.smartscreen.microsoft.com",
          "Port": 443,
          "Requests": [
            {
              "CompressionType": "",
              "DataType": "",
              "DownloadTime": 625,
              "EventId": 191,
              "HttpStatus": 304,
              "Size": 0,
              "URL": "https://data-edge.smartscreen.microsoft.com/api/browser/edge/data/bloomfilter/x/3?pushcert=false&flight=%7b%22etag%22%3a%22%5c%22f1n%2bzts%2b4zecf5junfkfy83au2ypaez3mrg50jhrtzo%3d%5c%22%22%2c%22ids%22%3a%5b%22p-r-1021007-4-5%2cp-r-99770-9-32%2cp-r-86682-4-37%2cp-r-73000-7-30%2cp-r-72999-7-29%2cp-r-70204-3-18%2cp-r-69385-1-5%2cp-r-68026-3-37%2cp-r-68490-1-3%2cp-r-68172-2-4%2cp-r-68175-1-6%2cp-r-68176-2-8%2cp-r-68179-1-3%2cp-r-68306-1-20%2cp-r-68307-1-3%2cp-d-68194-1-2%22%5d%2c%22settings%22%3a%7b%22names%22%3anull%2c%22ring%22%3a0%2c%22models%22%3anull%2c%22serviceclientmodeldetonate%22%3afalse%2c%22wdsifeedback%22%3afalse%2c%22npfeedbackurioverride%22%3anull%2c%22networkfilterdetonate%22%3afalse%2c%22servicephishdetonate%22%3afalse%2c%22servicephishdetonatelegacy%22%3afalse%2c%22serviceadhocdetonate%22%3afalse%2c%22npsettings2004%22%3atrue%2c%22updatesigningcert%22%3atrue%2c%22updatesigningcertforrs3rs4%22%3atrue%2c%22npsettings2004value%22%3a0%2c%22iscocoblockenabled%22%3afalse%2c%22npipblockoverridevalue%22%3a0%2c%22toptrafficv2enabled%22%3atrue%2c%22listapie5v2enabled%22%3atrue%2c%22isnppioverrideblockenabled%22%3atrue%2c%22toptrafficv2mobileflightenabled%22%3afalse%2c%22bloomfilterdeltaflag%22%3a1%2c%22srceopenabled%22%3atrue%2c%22iscurfid0loggingenabled%22%3atrue%2c%22iscurfid0blockingenabled%22%3afalse%2c%22updateonmissingetagenabled%22%3atrue%2c%22enableproxyleniency%22%3atrue%2c%22isarsfmsintegrationenabled%22%3atrue%2c%22enablenshumormatch%22%3atrue%2c%22applynshumorverdict%22%3afalse%2c%22enablenpskipnonweb%22%3afalse%2c%22sendgeomapinsettingstonewanaheimclient%22%3atrue%2c%22umssrcphishbnrtenabled%22%3afalse%2c%22mtdthrottlefactor%22%3a0.0%2c%22unsilencemodelguid%22%3anull%7d%7d&os=10.0.22621.525.ni_release"
            },
            {
              "CompressionType": "",
              "DataType": "application/octet-stream",
              "DownloadTime": 156,
              "EventId": 85,
              "HttpStatus": 200,
              "Size": 79,
              "URL": "https://data-edge.smartscreen.microsoft.com/api/browser/edge/data/bloomfilter/x/3?pushcert=false&flight=%7b%22etag%22%3a%22%5c%22f1n%2bzts%2b4zecf5junfkfy83au2ypaez3mrg50jhrtzo%3d%5c%22%22%2c%22ids%22%3a%5b%22p-r-1021007-4-5%2cp-r-99770-9-32%2cp-r-86682-4-37%2cp-r-73000-7-30%2cp-r-72999-7-29%2cp-r-70204-3-18%2cp-r-69385-1-5%2cp-r-68026-3-37%2cp-r-68490-1-3%2cp-r-68172-2-4%2cp-r-68175-1-6%2cp-r-68176-2-8%2cp-r-68179-1-3%2cp-r-68306-1-20%2cp-r-68307-1-3%2cp-d-68194-1-2%22%5d%2c%22settings%22%3a%7b%22names%22%3anull%2c%22ring%22%3a0%2c%22models%22%3anull%2c%22serviceclientmodeldetonate%22%3afalse%2c%22wdsifeedback%22%3afalse%2c%22npfeedbackurioverride%22%3anull%2c%22networkfilterdetonate%22%3afalse%2c%22servicephishdetonate%22%3afalse%2c%22servicephishdetonatelegacy%22%3afalse%2c%22serviceadhocdetonate%22%3afalse%2c%22npsettings2004%22%3atrue%2c%22updatesigningcert%22%3atrue%2c%22updatesigningcertforrs3rs4%22%3atrue%2c%22npsettings2004value%22%3a0%2c%22iscocoblockenabled%22%3afalse%2c%22npipblockoverridevalue%22%3a0%2c%22toptrafficv2enabled%22%3atrue%2c%22listapie5v2enabled%22%3atrue%2c%22isnppioverrideblockenabled%22%3atrue%2c%22toptrafficv2mobileflightenabled%22%3afalse%2c%22bloomfilterdeltaflag%22%3a1%2c%22srceopenabled%22%3atrue%2c%22iscurfid0loggingenabled%22%3atrue%2c%22iscurfid0blockingenabled%22%3afalse%2c%22updateonmissingetagenabled%22%3atrue%2c%22enableproxyleniency%22%3atrue%2c%22isarsfmsintegrationenabled%22%3atrue%2c%22enablenshumormatch%22%3atrue%2c%22applynshumorverdict%22%3afalse%2c%22enablenpskipnonweb%22%3afalse%2c%22sendgeomapinsettingstonewanaheimclient%22%3atrue%2c%22umssrcphishbnrtenabled%22%3afalse%2c%22mtdthrottlefactor%22%3a0.0%2c%22unsilencemodelguid%22%3anull%7d%7d&os=10.0.22621.525.ni_release"
            }
          ],
          "SSLCipher": "ECDHE-RSA-AES256-GCM-SHA384",
          "SSLVersion": "TLS1.2"
        }
      ],
      "IncludeInScript": true
    },
    {
      "DomainName": "localhost",
      "Domains": [
        {
          "HTTPVersion": "HTTP/1.1",
          "IP": "[::1]",
          "IncludeInScript": true,
          "Name": "localhost",
          "Port": 1080,
          "Requests": [
            {
              "CompressionType": "",
              "DataType": "",
              "DownloadTime": 2140,
              "EventId": 428,
              "HttpStatus": 304,
              "Size": 0,
              "URL": "http://localhost:1080/WebTours/home.html"
            },
            {
              "CompressionType": "",
              "DataType": "text/html",
              "DownloadTime": 172,
              "EventId": 407,
              "HttpStatus": 200,
              "Size": 1486,
              "URL": "http://localhost:1080/cgi-bin/nav.pl?in=home"
            },
            {
              "CompressionType": "",
              "DataType": "text/html",
              "DownloadTime": 2141,
              "EventId": 398,
              "HttpStatus": 200,
              "Size": 686,
              "URL": "http://localhost:1080/cgi-bin/welcome.pl?signOff=1"
            },
            {
              "CompressionType": "",
              "DataType": "text/html",
              "DownloadTime": 2156,
              "EventId": 381,
              "HttpStatus": 200,
              "Size": 887,
              "URL": "http://localhost:1080/cgi-bin/itinerary.pl"
            },
            {
              "CompressionType": "",
              "DataType": "image/gif",
              "DownloadTime": 94,
              "EventId": 362,
              "HttpStatus": 200,
              "Size": 831,
              "URL": "http://localhost:1080/WebTours/images/cancelreservation.gif"
            },
            {
              "CompressionType": "",
              "DataType": "image/gif",
              "DownloadTime": 0,
              "EventId": 359,
              "HttpStatus": 200,
              "Size": 742,
              "URL": "http://localhost:1080/WebTours/images/cancelallreservations.gif"
            },
            {
              "CompressionType": "",
              "DataType": "text/html",
              "DownloadTime": 2250,
              "EventId": 356,
              "HttpStatus": 200,
              "Size": 5023,
              "URL": "http://localhost:1080/cgi-bin/itinerary.pl"
            },
            {
              "CompressionType": "",
              "DataType": "image/gif",
              "DownloadTime": 31,
              "EventId": 345,
              "HttpStatus": 200,
              "Size": 688,
              "URL": "http://localhost:1080/WebTours/images/home.gif"
            },
            {
              "CompressionType": "",
              "DataType": "image/gif",
              "DownloadTime": 78,
              "EventId": 340,
              "HttpStatus": 200,
              "Size": 733,
              "URL": "http://localhost:1080/WebTours/images/in_itinerary.gif"
            },
            {
              "CompressionType": "",
              "DataType": "text/html",
              "DownloadTime": 312,
              "EventId": 335,
              "HttpStatus": 200,
              "Size": 1482,
              "URL": "http://localhost:1080/cgi-bin/nav.pl?page=menu&in=itinerary"
            },
            {
              "CompressionType": "",
              "DataType": "text/html",
              "DownloadTime": 2125,
              "EventId": 318,
              "HttpStatus": 200,
              "Size": 591,
              "URL": "http://localhost:1080/cgi-bin/welcome.pl?page=itinerary"
            },
            {
              "CompressionType": "",
              "DataType": "text/html",
              "DownloadTime": 2203,
              "EventId": 294,
              "HttpStatus": 200,
              "Size": 918,
              "URL": "http://localhost:1080/cgi-bin/login.pl?intro=true"
            },
            {
              "CompressionType": "",
              "DataType": "image/gif",
              "DownloadTime": 156,
              "EventId": 283,
              "HttpStatus": 200,
              "Size": 733,
              "URL": "http://localhost:1080/WebTours/images/itinerary.gif"
            },
            {
              "CompressionType": "",
              "DataType": "image/gif",
              "DownloadTime": 125,
              "EventId": 280,
              "HttpStatus": 200,
              "Size": 751,
              "URL": "http://localhost:1080/WebTours/images/signoff.gif"
            },
            {
              "CompressionType": "",
              "DataType": "image/gif",
              "DownloadTime": 94,
              "EventId": 277,
              "HttpStatus": 200,
              "Size": 688,
              "URL": "http://localhost:1080/WebTours/images/in_home.gif"
            },
            {
              "CompressionType": "",
              "DataType": "image/gif",
              "DownloadTime": 94,
              "EventId": 272,
              "HttpStatus": 200,
              "Size": 726,
              "URL": "http://localhost:1080/WebTours/images/flights.gif"
            },
            {
              "CompressionType": "",
              "DataType": "text/html",
              "DownloadTime": 282,
              "EventId": 263,
              "HttpStatus": 200,
              "Size": 1482,
              "URL": "http://localhost:1080/cgi-bin/nav.pl?page=menu&in=home"
            },
            {
              "CompressionType": "",
              "DataType": "text/html",
              "DownloadTime": 2140,
              "EventId": 246,
              "HttpStatus": 200,
              "Size": 481,
              "URL": "http://localhost:1080/cgi-bin/login.pl"
            },
            {
              "CompressionType": "",
              "DataType": "text/html",
              "DownloadTime": 125,
              "EventId": 186,
              "HttpStatus": 404,
              "Size": 209,
              "URL": "http://localhost:1080/favicon.ico"
            },
            {
              "CompressionType": "",
              "DataType": "text/html",
              "DownloadTime": 2984,
              "EventId": 183,
              "HttpStatus": 200,
              "Size": 1361,
              "URL": "http://localhost:1080/WebTours/home.html"
            },
            {
              "CompressionType": "",
              "DataType": "image/png",
              "DownloadTime": 2563,
              "EventId": 165,
              "HttpStatus": 200,
              "Size": 4187,
              "URL": "http://localhost:1080/WebTours/images/webtours.png"
            },
            {
              "CompressionType": "",
              "DataType": "image/gif",
              "DownloadTime": 46,
              "EventId": 122,
              "HttpStatus": 200,
              "Size": 679,
              "URL": "http://localhost:1080/WebTours/images/mer_login.gif"
            },
            {
              "CompressionType": "",
              "DataType": "text/html",
              "DownloadTime": 578,
              "EventId": 107,
              "HttpStatus": 200,
              "Size": 1481,
              "URL": "http://localhost:1080/cgi-bin/nav.pl?in=home"
            },
            {
              "CompressionType": "",
              "DataType": "text/html",
              "DownloadTime": 1344,
              "EventId": 82,
              "HttpStatus": 200,
              "Size": 686,
              "URL": "http://localhost:1080/cgi-bin/welcome.pl?signOff=true"
            },
            {
              "CompressionType": "",
              "DataType": "image/png",
              "DownloadTime": 140,
              "EventId": 47,
              "HttpStatus": 200,
              "Size": 601,
              "URL": "http://localhost:1080/WebTours/images/hp_logo.png"
            },
            {
              "CompressionType": "",
              "DataType": "text/html",
              "DownloadTime": 203,
              "EventId": 40,
              "HttpStatus": 200,
              "Size": 710,
              "URL": "http://localhost:1080/WebTours/header.html"
            },
            {
              "CompressionType": "",
              "DataType": "text/html",
              "DownloadTime": 2703,
              "EventId": 33,
              "HttpStatus": 200,
              "Size": 366,
              "URL": "http://localhost:1080/WebTours/"
            }
          ],
          "SSLCipher": "None",
          "SSLVersion": "None"
        }
      ],
      "IncludeInScript": true
    },
    {
      "DomainName": "bing.com",
      "Domains": [
        {
          "HTTPVersion": "HTTP/1.1",
          "IP": "139.45.207.56",
          "IncludeInScript": false,
          "Name": "www.bing.com",
          "Port": 443,
          "Requests": [
            {
              "CompressionType": "",
              "DataType": "application/json",
              "DownloadTime": 328,
              "EventId": 113,
              "HttpStatus": 200,
              "Size": 398511,
              "URL": "https://www.bing.com/bloomfilterfiles/DomainsFilterGlobal.json"
            }
          ],
          "SSLCipher": "TLS_AES_256_GCM_SHA384",
          "SSLVersion": "TLS1.3"
        },
        {
          "HTTPVersion": "HTTP/1.1",
          "IP": "204.79.197.200",
          "IncludeInScript": false,
          "Name": "c.bing.com",
          "Port": 443,
          "Requests": [
            {
              "CompressionType": "",
              "DataType": "image/gif",
              "DownloadTime": 78,
              "EventId": 213,
              "HttpStatus": 200,
              "Size": 42,
              "URL": "https://c.bing.com/c.gif?Red3=EdgPID_pd&pid=c95bca94-6fe1-4a1c-bf7d-f8e5771f416a"
            }
          ],
          "SSLCipher": "ECDHE-RSA-AES256-GCM-SHA384",
          "SSLVersion": "TLS1.2"
        }
      ],
      "IncludeInScript": true
    }
  ],
  "WebSocket": {
    "IncludeInScript": false,
    "IsScriptIncludeWebSocket": false
  },
  "NumberOfCorrelations": 4
}